"Ctrl ",TIP
6666.66667,433.333333
9333.33333,466.666667
10666.66670,400.000000
9666.66667,2000.000000
2333.33333,133.333333