"Ctrl ",TIP
0.00152632,14.96333530
0.17842053,0.12444457
1.08251785,2.99866439
0.19911132,2.19802100
3.53842399,0.08546194