"Ctrl ",TIP
140.93959700,1.48514851
166.66666700,0.42105263
101.79640700,0.76433121
151.31578900,88.88888890
161.07382600,1.05263158